Workbook
Name Amounts: 'Source Data'!$B$1:$B$4
Name Chosen: 'O''Brien'!$A$1
Name CommaAlias: CommaConstant
Name CommaConstant: "Hello, world"
Name ErrorConstant: #N/A
Name FlagConstant: TRUE
Name Keys: 'Source Data'!$A$1:$A$4
Name LocalAmount: 'Source Data'!$B$2
Name RefErrorConstant: 'O''Brien'!#REF!
Name RefTextConstant: "contains #REF!"
Name Shadowed: 5
Name Shadowed: 7
Name Shadowed: 100
Name TaxAlias: TaxRate
Name TaxRate: 0.2
Name TextConstant: "say ""hello"""
Name TextExpression: "a"&"b"

Sheet O'Brien
A1: 7

Sheet Source Data
A1: alpha | B1: 10 | D1: =NA() -> #N/A
A2: Beta | B2: 20
A3: gamma | B3: 30
A4: Delta | B4: 40

Sheet Expressions
A1: SUM(Amounts) | B1: =SUM(Amounts) -> 100 | C1: =_xlfn.CONCAT(TextExpression) -> ab
A2: SUM(Amounts)+ROUND(1.255,2) | B2: =SUM(Amounts)+ROUND(1.255,2) -> 101.26
A3: AVERAGE(Amounts) | B3: =AVERAGE(Amounts) -> 25
A4: IF(SUM(Amounts)>50,SUMIF(Keys,"Beta",Amounts),0) | B4: =IF(SUM(Amounts)>50,SUMIF(Keys,"Beta",Amounts),0) -> 20
A5: COUNTIF(Keys,"*a*") | B5: =COUNTIF(Keys,"*a*") -> 4
A6: SUMIF(Amounts,">20",Amounts) | B6: =SUMIF(Amounts,">20",Amounts) -> 70
A7: SUMIFS(Amounts,Keys,"*a*",Amounts,">=20") | B7: =SUMIFS(Amounts,Keys,"*a*",Amounts,">=20") -> 90
A8: COUNTIFS(Keys,"*a*",Amounts,"<40") | B8: =COUNTIFS(Keys,"*a*",Amounts,"<40") -> 3
A9: AVERAGEIF(Amounts,">=20",Amounts) | B9: =AVERAGEIF(Amounts,">=20",Amounts) -> 30
A10: MINIFS(Amounts,Keys,"*a*") | B10: =_xlfn.MINIFS(Amounts,Keys,"*a*") -> 10
A11: MAXIFS(Amounts,Keys,"*a*") | B11: =_xlfn.MAXIFS(Amounts,Keys,"*a*") -> 40
A12: INDEX(Amounts,MATCH("gamma",Keys,0)) | B12: =INDEX(Amounts,MATCH("gamma",Keys,0)) -> 30
A13: VLOOKUP("Beta",'Source Data'!A1:B4,2,FALSE) | B13: =VLOOKUP("Beta",'Source Data'!A1:B4,2,FALSE) -> 20
A14: XLOOKUP("gamma",Keys,Amounts) | B14: =_xlfn.XLOOKUP("gamma",Keys,Amounts) -> 30
A15: XLOOKUP("missing",Keys,Amounts,"fallback") | B15: =_xlfn.XLOOKUP("missing",Keys,Amounts,"fallback") -> fallback
A16: IFERROR(VLOOKUP("missing",'Source Data'!A1:B4,2,FALSE),99) | B16: =IFERROR(VLOOKUP("missing",'Source Data'!A1:B4,2,FALSE),99) -> 99
A17: ROUND(SUM(Amounts)*TaxRate,2) | B17: =ROUND(SUM(Amounts)*TaxRate,2) -> 20
A18: LocalAmount+Chosen | B18: =LocalAmount+Chosen -> 27
A19: O''Brien'!A1*2 | B19: ='O''Brien'!A1*2 -> 14
A20: SUM('Source Data'!B1:B4)+'O''Brien'!A1 | B20: =SUM('Source Data'!B1:B4)+'O''Brien'!A1 -> 107
A21: CONCAT("total=",SUM(Amounts)) | B21: =_xlfn.CONCAT("total=",SUM(Amounts)) -> total=100
A22: TEXTJOIN("|",TRUE,Keys) | B22: =_xlfn.TEXTJOIN("|",TRUE,Keys) -> alpha|Beta|gamma|Delta
A23: UPPER(LEFT(INDEX(Keys,2),2))&LOWER(RIGHT(INDEX(Keys,3),2)) | B23: =UPPER(LEFT(INDEX(Keys,2),2))&LOWER(RIGHT(INDEX(Keys,3),2)) -> BEma
A24: SUBSTITUTE(TRIM(" Alpha Beta ")," ","_") | B24: =SUBSTITUTE(TRIM(" Alpha Beta ")," ","_") -> Alpha_Beta
A25: LEN(REPT("ab",3)) | B25: =LEN(REPT("ab",3)) -> 6
A26: EXACT(LOWER("ALPHA"),INDEX(Keys,1)) | B26: =EXACT(LOWER("ALPHA"),INDEX(Keys,1)) -> TRUE
A27: FIND("a","Alpha",2) | B27: =FIND("a","Alpha",2) -> 5
A28: SEARCH("B?ta","Alpha Beta") | B28: =SEARCH("B?ta","Alpha Beta") -> 7
A29: VALUE("123.5")+1 | B29: =VALUE("123.5")+1 -> 124.5
A30: TEXT(1234.5,"0.00") | B30: =TEXT(1234.5,"0.00") -> 1234.50
A31: ROUND(-1.255,2) | B31: =ROUND(-1.255,2) -> -1.26
A32: ROUNDUP(-1.251,2) | B32: =ROUNDUP(-1.251,2) -> -1.26
A33: ROUNDDOWN(-1.259,2) | B33: =ROUNDDOWN(-1.259,2) -> -1.25
A34: TRUNC(-2.9) | B34: =TRUNC(-2.9) -> -2
A35: INT(-2.9) | B35: =INT(-2.9) -> -3
A36: MOD(-7,3) | B36: =MOD(-7,3) -> 2
A37: MROUND(7,2) | B37: =MROUND(7,2) -> 8
A38: CEILING.MATH(-2.5) | B38: =_xlfn.CEILING.MATH(-2.5) -> -2
A39: FLOOR.MATH(-2.5) | B39: =_xlfn.FLOOR.MATH(-2.5) -> -3
A40: SQRT(81)+POWER(2,3) | B40: =SQRT(81)+POWER(2,3) -> 17
A41: SUMPRODUCT(Amounts,Amounts) | B41: =SUMPRODUCT(Amounts,Amounts) -> 3000
A42: MEDIAN(Amounts) | B42: =MEDIAN(Amounts) -> 25
A43: LARGE(Amounts,2) | B43: =LARGE(Amounts,2) -> 30
A44: PERCENTILE.INC(Amounts,0.25) | B44: =_xlfn.PERCENTILE.INC(Amounts,0.25) -> 17.5
A45: STDEV.P(Amounts) | B45: =_xlfn.STDEV.P(Amounts) -> 11.18034
A46: ROUND(PMT(0.01,12,1000),2) | B46: =ROUND(PMT(0.01,12,1000),2) -> -88.85
A47: ROUND(FV(0.01,12,-100),2) | B47: =ROUND(FV(0.01,12,-100),2) -> 1268.25
A48: IF(AND(1<2,OR(FALSE,TRUE)),"yes","no") | B48: =IF(AND(1<2,OR(FALSE,TRUE)),"yes","no") -> yes
A49: IFS(1>2,"bad",2=2,"ok") | B49: =_xlfn.IFS(1>2,"bad",2=2,"ok") -> ok
A50: SWITCH(2,1,"one",2,"two","other") | B50: =_xlfn.SWITCH(2,1,"one",2,"two","other") -> two
A51: CHOOSE(2,"one","two","three") | B51: =CHOOSE(2,"one","two","three") -> two
A52: IFERROR(1/0,"caught") | B52: =IFERROR(1/0,"caught") -> caught
A53: IFNA(NA(),"missing") | B53: =_xlfn.IFNA(NA(),"missing") -> missing
A54: ISERROR(NA()) | B54: =ISERROR(NA()) -> TRUE
A55: ISNA(NA()) | B55: =ISNA(NA()) -> TRUE
A56: IFERROR(SUM('Source Data'!D1),77) | B56: =IFERROR(SUM('Source Data'!D1),77) -> 77
A57: COUNT('Source Data'!D1) | B57: =COUNT('Source Data'!D1) -> 0
A58: COUNTA('Source Data'!D1) | B58: =COUNTA('Source Data'!D1) -> 1
A59: ISNUMBER(SUM(Amounts)) | B59: =ISNUMBER(SUM(Amounts)) -> TRUE
A60: ISLOGICAL(1=1) | B60: =ISLOGICAL(1=1) -> TRUE
A61: ISFORMULA('Source Data'!D1) | B61: =_xlfn.ISFORMULA('Source Data'!D1) -> TRUE
A62: DATE(2024,2,29) | B62: =DATE(2024,2,29) -> 45351
A63: DATE(2024,2,29)+1 | B63: =DATE(2024,2,29)+1 -> 45352
A64: YEAR(DATE(2024,2,29)) | B64: =YEAR(DATE(2024,2,29)) -> 2024
A65: MONTH(DATE(2024,2,29)) | B65: =MONTH(DATE(2024,2,29)) -> 2
A66: DAY(DATE(2024,2,29)) | B66: =DAY(DATE(2024,2,29)) -> 29
A67: DATE(1900,2,28) | B67: =DATE(1900,2,28) -> 59
A68: DATE(1900,2,29) | B68: =DATE(1900,2,29) -> 60
A69: DATE(1900,3,1) | B69: =DATE(1900,3,1) -> 61
A70: DATE(1904,1,1) | B70: =DATE(1904,1,1) -> 1462
A71: YEAR(60) | B71: =YEAR(60) -> 1900
A72: MONTH(60) | B72: =MONTH(60) -> 2
A73: DAY(60) | B73: =DAY(60) -> 29
A74: TIME(12,30,15) | B74: =TIME(12,30,15) -> 0.52100694
A75: HOUR(TIME(12,30,15)) | B75: =HOUR(TIME(12,30,15)) -> 12
A76: MINUTE(TIME(12,30,15)) | B76: =MINUTE(TIME(12,30,15)) -> 30
A77: SECOND(TIME(12,30,15)) | B77: =SECOND(TIME(12,30,15)) -> 15
A78: EDATE(DATE(2024,1,31),1) | B78: =EDATE(DATE(2024,1,31),1) -> 45351
A79: EOMONTH(DATE(2024,1,15),1) | B79: =EOMONTH(DATE(2024,1,15),1) -> 45351
A80: NETWORKDAYS(DATE(2024,1,1),DATE(2024,1,5)) | B80: =NETWORKDAYS(DATE(2024,1,1),DATE(2024,1,5)) -> 5
A81: WORKDAY(DATE(2024,1,5),1) | B81: =WORKDAY(DATE(2024,1,5),1) -> 45299
A82: DATEDIF(DATE(2020,1,1),DATE(2024,1,1),"y") | B82: =DATEDIF(DATE(2020,1,1),DATE(2024,1,1),"y") -> 4
A83: YEARFRAC(DATE(2024,1,1),DATE(2025,1,1),3) | B83: =YEARFRAC(DATE(2024,1,1),DATE(2025,1,1),3) -> 1.0027397
A84: ISNUMBER(TRUE) | B84: =ISNUMBER(TRUE) -> FALSE
A85: ISNUMBER(1=1) | B85: =ISNUMBER(1=1) -> FALSE
A86: ISTEXT(NA()) | B86: =ISTEXT(NA()) -> FALSE
A87: ISLOGICAL("true") | B87: =ISLOGICAL("true") -> FALSE
A88: ROUND(2.675,2) | B88: =ROUND(2.675,2) -> 2.68
A89: ROUND(1.005,2) | B89: =ROUND(1.005,2) -> 1.01
A90: ROUND(-1.005,2) | B90: =ROUND(-1.005,2) -> -1.01
A91: WEEKDAY(1) | B91: =WEEKDAY(1) -> 1
A92: WEEKDAY(59) | B92: =WEEKDAY(59) -> 3
A93: WEEKDAY(60) | B93: =WEEKDAY(60) -> 4
A94: WEEKDAY(61) | B94: =WEEKDAY(61) -> 5
A95: DAY(0) | B95: =DAY(0) -> 0
A96: MONTH(0) | B96: =MONTH(0) -> 1
A97: YEAR(0) | B97: =YEAR(0) -> 1900
A98: DATE(1900,1,0) | B98: =DATE(1900,1,0) -> 0
A99: DATE(1900,3,0) | B99: =DATE(1900,3,0) -> 60
A100: DATE(1900,2,30) | B100: =DATE(1900,2,30) -> 61
...
