Workbook
Name Calc: SUM(Data!$A$1:$A$6)*2
Name Nested: Calc/2+1
Name EmptyKey: 'Keys'!$H$1

Sheet Data
A1: 10 | B1: ten | C1: Alpha | D1: 50 | E1: fifty | F1: 1 | G1: N
A2: 20 | B2: first20 | C2: Alpine | D2: 40 | E2: forty | F2: 1 | G2: T
A3: 20 | B3: last20 | C3: Beta | D3: 30 | E3: thirty | F3: TRUE | G3: B
A4: 30 | B4: thirty | C4: B?ta | D4: 20 | E4: first20 | F4: FALSE | G4: F
A5: 40 | B5: forty | C5: B*ta | D5: 20 | E5: last20 | G5: empty
A6: 50 | B6: fifty | C6: ~tail | D6: 10 | E6: ten | F6: =NA() | G6: E

Sheet Report
A1: =MATCH(20,Data!A1:A6) | D1: MATCH(20,Data!A1:A6)
A11: =MATCH(20,Data!A1:A6,0) | D11: MATCH(20,Data!A1:A6,0)
A21: =MATCH(21,Data!A1:A6,1) | D21: MATCH(21,Data!A1:A6,1)
A31: =MATCH(21,Data!D1:D6,-1) | D31: MATCH(21,Data!D1:D6,-1)
A41: =VLOOKUP(20,Data!A1:B6,2) | D41: VLOOKUP(20,Data!A1:B6,2)
A51: =VLOOKUP(21,Data!A1:B6,2,TRUE) | D51: VLOOKUP(21,Data!A1:B6,2,TRUE)
A61: =VLOOKUP("Al*",Data!C1:G6,5,FALSE) | D61: VLOOKUP("Al*",Data!C1:G6,5,FALSE)
A71: =MATCH("B~?ta",Data!C1:C6,0) | D71: MATCH("B~?ta",Data!C1:C6,0)
A81: =MATCH("B~*ta",Data!C1:C6,0) | D81: MATCH("B~*ta",Data!C1:C6,0)
A91: =_xlfn.XMATCH("Al*",Data!C1:C6,2) | D91: XMATCH("Al*",Data!C1:C6,2)
A101: =_xlfn.XMATCH("Al*",Data!C1:C6,2,-1) | D101: XMATCH("Al*",Data!C1:C6,2,-1)
A111: =_xlfn.XLOOKUP("B~?ta",Data!C1:C6,Data!B1:B6,,2) | D111: XLOOKUP("B~?ta",Data!C1:C6,Data!B1:B6,,2)
A121: =_xlfn.XMATCH(20,Data!A1:A6,0,2) | D121: XMATCH(20,Data!A1:A6,0,2)
A131: =_xlfn.XMATCH(20,Data!D1:D6,0,-2) | D131: XMATCH(20,Data!D1:D6,0,-2)
A141: =_xlfn.XMATCH(21,Data!A1:A6,-1,2) | D141: XMATCH(21,Data!A1:A6,-1,2)
A151: =_xlfn.XMATCH(21,Data!D1:D6,1,-2) | D151: XMATCH(21,Data!D1:D6,1,-2)
A161: =_xlfn.XLOOKUP(21,Data!A1:A6,Data!B1:B6,,-1,2) | D161: XLOOKUP(21,Data!A1:A6,Data!B1:B6,,-1,2)
A171: =_xlfn.XLOOKUP(21,Data!D1:D6,Data!E1:E6,,1,-2) | D171: XLOOKUP(21,Data!D1:D6,Data!E1:E6,,1,-2)
A181: =_xlfn.XMATCH("Al*",Data!C1:C6,2,2) | D181: XMATCH("Al*",Data!C1:C6,2,2)
A191: =MATCH(1,Data!F1:F6,0) | D191: MATCH(1,Data!F1:F6,0)
A201: =MATCH("1",Data!F1:F6,0) | D201: MATCH("1",Data!F1:F6,0)
A211: =MATCH(TRUE,Data!F1:F6,0) | D211: MATCH(TRUE,Data!F1:F6,0)
A221: =MATCH(FALSE,Data!F1:F6,0) | D221: MATCH(FALSE,Data!F1:F6,0)
A231: =_xlfn.XLOOKUP(1,Data!F1:F6,Data!G1:G6) | D231: XLOOKUP(1,Data!F1:F6,Data!G1:G6)
A241: =_xlfn.XLOOKUP("1",Data!F1:F6,Data!G1:G6) | D241: XLOOKUP("1",Data!F1:F6,Data!G1:G6)
A251: =_xlfn.XLOOKUP(TRUE,Data!F1:F6,Data!G1:G6) | D251: XLOOKUP(TRUE,Data!F1:F6,Data!G1:G6)
A261: =MATCH(30,{10,20,30},0) | D261: MATCH(30,{10,20,30},0)
A271: =SUM(INDEX(Data!A1:B6,0,1)) | D271: SUM(INDEX(Data!A1:B6,0,1))
A281: =SUM(INDEX(Data!A1:B6,3,0)) | D281: SUM(INDEX(Data!A1:B6,3,0))
A291: =INDEX(Data!A1:B6,0,1) | D291: INDEX(Data!A1:B6,0,1)
A301: =INDEX(Data!A1:B6,3,0) | D301: INDEX(Data!A1:B6,3,0)
A311: =INDEX({10,20;30,40},0,2) | D311: INDEX({10,20;30,40},0,2)
A321: =_xlfn.XLOOKUP(20,Data!A1:A6,Data!B1:C6) | D321: XLOOKUP(20,Data!A1:A6,Data!B1:C6)
A331: =IFERROR(SUM(INDEX(Data!A1:B6,0,NA())),99) | D331: IFERROR(SUM(INDEX(Data!A1:B6,0,NA())),99)
A341: =Calc+Nested | D341: Calc+Nested
A351: =VLOOKUP(21,Data!A1:B6,2,) | D351: VLOOKUP(21,Data!A1:B6,2,)
A361: =MATCH(20,Data!A1:A6,) | D361: MATCH(20,Data!A1:A6,)
A371: =VLOOKUP(21,Data!A1:B6,2,0.00000001) | D371: VLOOKUP(21,Data!A1:B6,2,0.00000001)
A381: =INDEX(Data!A1:B6,3) | D381: INDEX(Data!A1:B6,3)
A391: =INDEX(Data!A1:B6,3,) | D391: INDEX(Data!A1:B6,3,)
A401: =INDEX(Data!A1:B6,,2) | D401: INDEX(Data!A1:B6,,2)
A411: =INDEX(Data!A1:B6,1.9,1) | D411: INDEX(Data!A1:B6,1.9,1)
A421: =INDEX(Data!A1:B6,"2",1) | D421: INDEX(Data!A1:B6,"2",1)
A431: =INDEX(Data!A1:B6,TRUE,1) | D431: INDEX(Data!A1:B6,TRUE,1)
A441: =VLOOKUP(20,Data!A1:B6,2.9,FALSE) | D441: VLOOKUP(20,Data!A1:B6,2.9,FALSE)
A451: =SUM(INDEX((Data!A1:A2,Data!A4:A6),0,1,2)) | D451: SUM(INDEX((Data!A1:A2,Data!A4:A6),0,1,2))
A461: =MATCH("A",{1,2,3},1) | D461: MATCH("A",{1,2,3},1)
A471: =MATCH(0,{"A","B"},1) | D471: MATCH(0,{"A","B"},1)
A481: =INDEX(Data!F1:F6,5) | D481: INDEX(Data!F1:F6,5)
A491: =ISBLANK(INDEX(Data!F1:F6,5)) | D491: ISBLANK(INDEX(Data!F1:F6,5))
A501: =INDEX(Data!F1:F6,5)="" | D501: INDEX(Data!F1:F6,5)=""
A511: =INDEX(Data!F1:F6,5)&"x" | D511: INDEX(Data!F1:F6,5)&"x"
A521: =LEN(INDEX(Data!F1:F6,5)) | D521: LEN(INDEX(Data!F1:F6,5))
A531: =ISNUMBER(INDEX(Data!F1:F6,5)) | D531: ISNUMBER(INDEX(Data!F1:F6,5))
A541: =ISBLANK(OFFSET(Data!F1,4,0)) | D541: ISBLANK(OFFSET(Data!F1,4,0))
A551: =OFFSET(Data!F1,4,0)="" | D551: OFFSET(Data!F1,4,0)=""
A561: =OFFSET(Data!F1,4,0)&"x" | D561: OFFSET(Data!F1,4,0)&"x"
A571: =ISBLANK(_xlfn.XLOOKUP(40,Data!A1:A6,Data!F1:F6)) | D571: ISBLANK(XLOOKUP(40,Data!A1:A6,Data!F1:F6))
A581: =_xlfn.XLOOKUP(40,Data!A1:A6,Data!F1:F6)="" | D581: XLOOKUP(40,Data!A1:A6,Data!F1:F6)=""
A591: =_xlfn.XLOOKUP(40,Data!A1:A6,Data!F1:F6)&"x" | D591: XLOOKUP(40,Data!A1:A6,Data!F1:F6)&"x"
A601: =ISBLANK(VLOOKUP(40,Data!A1:F6,6,FALSE)) | D601: ISBLANK(VLOOKUP(40,Data!A1:F6,6,FALSE))
A611: =VLOOKUP(40,Data!A1:F6,6,FALSE)="" | D611: VLOOKUP(40,Data!A1:F6,6,FALSE)=""
A621: =VLOOKUP(40,Data!A1:F6,6,FALSE)&"x" | D621: VLOOKUP(40,Data!A1:F6,6,FALSE)&"x"
A631: =ISBLANK(IFERROR(INDEX(Data!F1:F6,5),77)) | D631: ISBLANK(IFERROR(INDEX(Data!F1:F6,5),77))
A641: =IFERROR(INDEX(Data!F1:F6,5),77)&"x" | D641: IFERROR(INDEX(Data!F1:F6,5),77)&"x"
A651: =ISBLANK(IF(TRUE,INDEX(Data!F1:F6,5),77)) | D651: ISBLANK(IF(TRUE,INDEX(Data!F1:F6,5),77))
A661: =IF(TRUE,INDEX(Data!F1:F6,5),77)&"x" | D661: IF(TRUE,INDEX(Data!F1:F6,5),77)&"x"
A671: =ISBLANK(CHOOSE(1,INDEX(Data!F1:F6,5))) | D671: ISBLANK(CHOOSE(1,INDEX(Data!F1:F6,5)))
A681: =COUNT(INDEX(Data!F1:F6,5)) | D681: COUNT(INDEX(Data!F1:F6,5))
A691: =COUNTA(INDEX(Data!F1:F6,5)) | D691: COUNTA(INDEX(Data!F1:F6,5))
A701: =COUNTBLANK(INDEX(Data!F1:F6,5)) | D701: COUNTBLANK(INDEX(Data!F1:F6,5))
A711: =AVERAGE(INDEX(Data!F1:F6,5),2) | D711: AVERAGE(INDEX(Data!F1:F6,5),2)
A721: =TEXT(INDEX(Data!F1:F6,5),"0") | D721: TEXT(INDEX(Data!F1:F6,5),"0")
A731: =VALUE(INDEX(Data!F1:F6,5)) | D731: VALUE(INDEX(Data!F1:F6,5))
A741: =CHOOSE(2,10,,20) | D741: CHOOSE(2,10,,20)
A751: =IF(TRUE,,7) | D751: IF(TRUE,,7)
A761: =MATCH(2,{1,#N/A,2},0) | D761: MATCH(2,{1,#N/A,2},0)
A771: =_xlfn.XLOOKUP(2,{1,#N/A,2},{10,20,30}) | D771: XLOOKUP(2,{1,#N/A,2},{10,20,30})
A781: =RANDBETWEEN(INDEX(Data!F1:F6,5),0) | D781: RANDBETWEEN(INDEX(Data!F1:F6,5),0)
A791: =IPMT(INDEX(Data!F1:F6,5),1,2,100) | D791: IPMT(INDEX(Data!F1:F6,5),1,2,100)
A801: =PPMT(INDEX(Data!F1:F6,5),1,2,100) | D801: PPMT(INDEX(Data!F1:F6,5),1,2,100)
A811: =MATCH(Keys!H1,Keys!A1:A3,0) | D811: MATCH(Keys!H1,Keys!A1:A3,0)
A821: =_xlfn.XMATCH(Keys!H1,Keys!A1:A3) | D821: XMATCH(Keys!H1,Keys!A1:A3)
A831: =VLOOKUP(Keys!H1,Keys!A1:B3,2,FALSE) | D831: VLOOKUP(Keys!H1,Keys!A1:B3,2,FALSE)
A841: =HLOOKUP(Keys!H1,Keys!D1:F2,2,FALSE) | D841: HLOOKUP(Keys!H1,Keys!D1:F2,2,FALSE)
A851: =_xlfn.XLOOKUP(Keys!H1,Keys!A1:A3,Keys!B1:B3) | D851: XLOOKUP(Keys!H1,Keys!A1:A3,Keys!B1:B3)
A861: =IFERROR(MATCH(Keys!H1,Keys!A1:A2,0),77) | D861: IFERROR(MATCH(Keys!H1,Keys!A1:A2,0),77)
A871: =IFERROR(_xlfn.XMATCH(Keys!H1,Keys!A1:A2),77) | D871: IFERROR(XMATCH(Keys!H1,Keys!A1:A2),77)
A881: =IFERROR(VLOOKUP(Keys!H1,Keys!A1:B2,2,FALSE),77) | D881: IFERROR(VLOOKUP(Keys!H1,Keys!A1:B2,2,FALSE),77)
A891: =IFERROR(HLOOKUP(Keys!H1,Keys!D1:E2,2,FALSE),77) | D891: IFERROR(HLOOKUP(Keys!H1,Keys!D1:E2,2,FALSE),77)
A901: =IFERROR(_xlfn.XLOOKUP(Keys!H1,Keys!A1:A2,Keys!B1:B2),77) | D901: IFERROR(XLOOKUP(Keys!H1,Keys!A1:A2,Keys!B1:B2),77)
A911: =_xlfn.XMATCH(Keys!H1,Keys!J1:J3,0,2) | D911: XMATCH(Keys!H1,Keys!J1:J3,0,2)
A921: =_xlfn.XMATCH(Keys!H1,Keys!L1:L3,0,-2) | D921: XMATCH(Keys!H1,Keys!L1:L3,0,-2)
A931: =_xlfn.XLOOKUP(Keys!H1,Keys!J1:J3,Keys!B1:B3,,0,2) | D931: XLOOKUP(Keys!H1,Keys!J1:J3,Keys!B1:B3,,0,2)
A941: =_xlfn.XLOOKUP(Keys!H1,Keys!L1:L3,Keys!B1:B3,,0,-2) | D941: XLOOKUP(Keys!H1,Keys!L1:L3,Keys!B1:B3,,0,-2)
A951: =MATCH(0,Keys!A1:A5,0) | D951: MATCH(0,Keys!A1:A5,0)
A961: =MATCH("0",Keys!A1:A5,0) | D961: MATCH("0",Keys!A1:A5,0)
A971: =MATCH(FALSE,Keys!A1:A5,0) | D971: MATCH(FALSE,Keys!A1:A5,0)
A981: =MATCH(INDEX(Keys!H1:H2,1),Keys!A1:A3,0) | D981: MATCH(INDEX(Keys!H1:H2,1),Keys!A1:A3,0)
A991: =MATCH(OFFSET(Keys!H1,0,0),Keys!A1:A3,0) | D991: MATCH(OFFSET(Keys!H1,0,0),Keys!A1:A3,0)
...

Sheet Keys
B1: 100 | E1: 5 | F1: 0 | J1: -5 | L1: 5
A2: 5 | B2: 500 | D2: 100 | E2: 500 | F2: 200 | J2: 0 | L2: 0
A3: 0 | B3: 200 | J3: 5 | L3: -5
A4: 0
A5: FALSE
