Workbook

Sheet Lookups
B1: =GETPIVOTDATA("Metric",Grouped!$A$4) -> 110 | C1: =GETPIVOTDATA("UnitsMetric",Grouped!$A$4) -> 60
B2: =GETPIVOTDATA("Metric",Grouped!$A$4,"Region","East","Product","A","Channel","Retail") -> #REF! | C2: =GETPIVOTDATA("UnitsMetric",Grouped!$A$4,"Region","East","Product","A","Channel","Retail") -> #REF!
B3: =GETPIVOTDATA("Metric",Grouped!$A$4,"Region","East","Product","A","Channel","Online") -> #REF! | C3: =GETPIVOTDATA("UnitsMetric",Grouped!$A$4,"Region","East","Product","A","Channel","Online") -> #REF!
B4: =GETPIVOTDATA("Metric",Grouped!$A$4,"Region","East","Product","A","Channel","Partner") -> #REF! | C4: =GETPIVOTDATA("UnitsMetric",Grouped!$A$4,"Region","East","Product","A","Channel","Partner") -> #REF!
B5: =GETPIVOTDATA("Metric",Grouped!$A$4,"Region","East","Product","B","Channel","Retail") -> 40 | C5: =GETPIVOTDATA("UnitsMetric",Grouped!$A$4,"Region","East","Product","B","Channel","Retail") -> 10
B6: =GETPIVOTDATA("Metric",Grouped!$A$4,"Region","East","Product","B","Channel","Online") -> 20 | C6: =GETPIVOTDATA("UnitsMetric",Grouped!$A$4,"Region","East","Product","B","Channel","Online") -> 10
B7: =GETPIVOTDATA("Metric",Grouped!$A$4,"Region","East","Product","B","Channel","Partner") -> 5 | C7: =GETPIVOTDATA("UnitsMetric",Grouped!$A$4,"Region","East","Product","B","Channel","Partner") -> 10
B8: =GETPIVOTDATA("Metric",Grouped!$A$4,"Region","West","Product","A","Channel","Retail") -> 5 | C8: =GETPIVOTDATA("UnitsMetric",Grouped!$A$4,"Region","West","Product","A","Channel","Retail") -> 10
B9: =GETPIVOTDATA("Metric",Grouped!$A$4,"Region","West","Product","A","Channel","Online") -> 25 | C9: =GETPIVOTDATA("UnitsMetric",Grouped!$A$4,"Region","West","Product","A","Channel","Online") -> 10
B10: =GETPIVOTDATA("Metric",Grouped!$A$4,"Region","West","Product","A","Channel","Partner") -> 15 | C10: =GETPIVOTDATA("UnitsMetric",Grouped!$A$4,"Region","West","Product","A","Channel","Partner") -> 10
B11: =GETPIVOTDATA("Metric",Grouped!$A$4,"Region","West","Product","B","Channel","Retail") -> #REF! | C11: =GETPIVOTDATA("UnitsMetric",Grouped!$A$4,"Region","West","Product","B","Channel","Retail") -> #REF!
B12: =GETPIVOTDATA("Metric",Grouped!$A$4,"Region","West","Product","B","Channel","Online") -> #REF! | C12: =GETPIVOTDATA("UnitsMetric",Grouped!$A$4,"Region","West","Product","B","Channel","Online") -> #REF!
B13: =GETPIVOTDATA("Metric",Grouped!$A$4,"Region","West","Product","B","Channel","Partner") -> #REF! | C13: =GETPIVOTDATA("UnitsMetric",Grouped!$A$4,"Region","West","Product","B","Channel","Partner") -> #REF!

Sheet Grouped
C4: Channel | D4: Values
C5: Online | E5: Partner | G5: Retail | I5: Total Metric | J5: Total UnitsMetric
A6: Region | B6: Product | C6: Metric | D6: UnitsMetric | E6: Metric | F6: UnitsMetric | G6: Metric | H6: UnitsMetric
A7: East | B7: B | C7: 20 | D7: 10 | E7: 5 | F7: 10 | G7: 40 | H7: 10 | I7: 65 | J7: 30
A8: East Total | C8: 20 | D8: 10 | E8: 5 | F8: 10 | G8: 40 | H8: 10 | I8: 65 | J8: 30
A9: West | B9: A | C9: 25 | D9: 10 | E9: 15 | F9: 10 | G9: 5 | H9: 10 | I9: 45 | J9: 30
A10: West Total | C10: 25 | D10: 10 | E10: 15 | F10: 10 | G10: 5 | H10: 10 | I10: 45 | J10: 30
A11: Grand Total | C11: 45 | D11: 20 | E11: 20 | F11: 20 | G11: 45 | H11: 20 | I11: 110 | J11: 60

Sheet Source
A1: Region | B1: Product | C1: Channel | D1: Sales | E1: Units
A2: East | B2: A | C2: Retail | D2: 10 | E2: 1
A3: East | B3: A | C3: Online | D3: 30 | E3: 1
A4: East | B4: A | C4: Partner | D4: 20 | E4: 1
A5: East | B5: B | C5: Retail | D5: 40 | E5: 10
A6: East | B6: B | C6: Online | D6: 20 | E6: 10
A7: East | B7: B | C7: Partner | D7: 5 | E7: 10
A8: West | B8: A | C8: Retail | D8: 5 | E8: 10
A9: West | B9: A | C9: Online | D9: 25 | E9: 10
A10: West | B10: A | C10: Partner | D10: 15 | E10: 10
A11: West | B11: B | C11: Retail | D11: 35 | E11: 1
A12: West | B12: B | C12: Online | D12: 15 | E12: 1
A13: West | B13: B | C13: Partner | D13: 45 | E13: 1
